year,lon,lat,dep,mag
1980,99.42,24.7,22.0,3.5
1980,100.67,26.08,20.0,3.3
1980,97.9,29.0,15.0,5.1
1980,104.57,32.25,21.0,2.8
1980,100.53,26.02,20.0,2.1
1980,101.2,27.88,12.0,3.6
1980,101.03,27.88,11.0,2.7
1980,100.67,26.07,35.0,3.0
1980,101.2,27.88,11.0,3.2
1980,101.2,27.88,11.0,3.6
1980,101.2,27.88,11.0,5.8
1980,101.2,27.88,15.0,2.7
1980,101.2,27.88,15.0,2.9
1980,102.73,25.77,18.0,2.6
1980,100.7,27.02,27.0,2.2
1980,102.25,25.42,14.0,2.5
1980,101.2,27.88,11.0,2.6
1980,98.92,24.9,25.0,3.9
1980,98.82,24.85,23.0,1.9
1980,98.88,24.83,22.0,2.4
1980,102.9,23.5,22.0,2.4
1980,102.92,23.52,22.0,3.0
1980,102.03,25.05,27.0,2.4
1980,99.07,25.6,20.0,4.1
1980,103.25,30.12,44.0,3.5
1980,101.18,27.92,10.0,3.8
1980,100.75,26.92,11.0,2.4
1980,100.83,27.0,13.0,2.2
1980,99.75,25.88,14.0,3.6
1980,99.92,25.98,17.0,2.4
1980,99.93,25.97,21.0,2.3
1980,102.1,30.18,8.0,3.0
1980,103.67,23.37,14.0,3.3
1980,103.77,33.0,22.0,3.7
1980,103.67,23.45,7.0,3.9
1980,103.62,23.38,18.0,3.1
1980,103.67,23.3,9.0,3.4
1980,103.63,23.33,20.0,3.3
1980,103.68,23.42,9.0,2.5
1980,103.63,23.35,7.0,3.5
1980,103.68,23.4,16.0,2.7
1980,103.73,23.45,16.0,2.6
1980,105.12,33.33,14.0,1.4
1980,100.57,26.98,18.0,2.4
1980,103.67,23.3,18.0,3.1
1980,100.85,26.97,16.0,2.6
1980,100.6,26.77,12.0,2.2
1980,104.18,31.57,22.0,3.2
1980,98.93,24.58,19.0,2.7
1980,103.07,25.02,17.0,2.3
1980,104.62,33.25,18.0,3.4
1980,103.13,28.88,13.0,2.7
1980,104.87,33.28,18.0,2.1
1981,101.6,27.1,20.0,3.1
1981,101.6,27.1,20.0,2.9
1981,101.17,31.0,12.0,6.9
1981,101.27,31.2,16.0,2.3
1981,101.08,31.08,8.0,2.4
1981,101.28,30.9,23.0,2.2
1981,101.18,30.98,9.0,4.3
1981,101.08,31.08,12.0,2.2
1981,101.28,30.88,24.0,2.7
1981,101.08,31.1,8.0,2.4
1981,101.28,30.88,30.0,2.5
1981,100.7,26.87,20.0,2.9
1981,101.25,30.92,1.0,3.1
1981,101.05,31.13,19.0,2.7
1981,101.08,31.08,17.0,2.5
1981,101.03,31.08,29.0,2.2
1981,101.03,31.03,12.0,2.3
1981,101.25,30.93,26.0,3.0
1981,101.22,30.87,8.0,1.1
1981,101.18,30.93,7.0,1.7
1981,101.23,30.8,6.0,1.6
1981,101.13,30.9,10.0,1.1
1981,101.13,30.9,8.0,1.9
1981,101.07,30.9,12.0,1.9
1981,101.12,31.03,12.0,1.5
1981,101.08,31.12,13.0,1.6
1981,101.28,30.88,9.0,1.9
1981,101.13,30.88,10.0,1.2
1981,101.13,30.92,8.0,1.4
1981,99.13,25.55,14.0,2.5
1981,101.23,30.88,7.0,2.0
1981,101.28,30.8,8.0,1.3
1981,101.18,30.9,6.0,1.0
1981,101.1,31.02,10.0,1.7
1981,101.2,31.0,6.0,1.2
1981,101.03,31.05,5.0,1.2
1981,101.1,30.95,7.0,1.4
1981,101.2,31.0,7.0,1.1
1981,101.12,30.95,10.0,1.2
1981,101.2,30.82,8.0,1.7
1981,101.17,30.9,8.0,1.7
1981,101.55,30.52,10.0,3.3
1981,101.2,30.88,8.0,1.2
1981,101.22,30.87,9.0,1.9
1981,101.18,30.88,7.0,1.2
1981,101.22,30.83,7.0,1.4
1981,101.15,31.07,9.0,1.4
1981,101.25,30.78,5.0,1.0
1981,101.23,30.82,8.0,1.2
1981,100.97,31.05,16.0,1.1
1981,101.0,30.97,6.0,1.8
1981,100.93,31.13,4.0,1.5
1981,101.17,30.93,10.0,1.9
1981,101.07,31.03,9.0,1.2
1981,101.23,30.9,8.0,1.4
1981,101.15,30.93,10.0,1.4
1981,101.15,31.05,9.0,1.2
1981,101.1,30.95,7.0,1.5
1981,101.03,31.03,10.0,1.2
1981,101.15,30.93,9.0,1.1
1981,101.15,31.07,5.0,1.3
1981,101.02,31.1,6.0,1.3
1981,101.03,31.07,12.0,1.0
1981,100.97,31.03,7.0,1.3
1981,101.25,30.8,8.0,1.5
1981,99.22,24.9,19.0,3.0
1981,101.12,31.02,14.0,1.6
1981,101.07,31.03,8.0,1.6
1981,101.17,31.07,9.0,1.6
1981,100.82,25.52,17.0,4.1
1981,101.05,31.02,16.0,1.5
1981,101.33,30.87,8.0,2.3
1981,101.58,29.98,12.0,2.9
1981,102.9,30.65,18.0,3.3
1981,103.55,32.7,26.0,2.9
1981,100.77,26.95,24.0,2.1
1981,103.18,29.6,26.0,2.7
1981,101.28,30.88,27.0,3.1
1981,103.18,29.6,26.0,3.5
1981,103.18,29.6,18.0,3.5
1981,100.52,25.8,30.0,2.4
1981,104.1,31.55,14.0,2.9
1981,102.35,29.15,33.0,2.6
1981,103.72,23.4,10.0,4.0
1981,100.92,27.05,22.0,2.7
1981,100.13,27.08,18.0,3.3
1981,99.23,25.43,15.0,3.3
1981,100.87,26.98,22.0,1.9
1981,102.98,26.5,32.0,2.6
1981,97.9,25.13,41.0,5.1
1981,98.75,25.42,10.0,3.3
1981,100.72,26.87,28.0,1.9
1981,106.37,27.18,4.0,1.5
1981,106.35,27.2,8.0,1.8
1981,100.25,25.43,19.0,3.2
1981,106.38,27.2,3.0,1.9
1981,99.03,24.7,5.0,3.1
1981,99.78,25.77,16.0,3.3
1982,103.6,31.6,11.0,2.9
1982,101.77,29.23,20.0,2.9
1982,101.77,29.22,23.0,2.9
1982,100.7,26.82,24.0,1.9
1982,99.77,26.08,28.0,2.1
1982,98.78,25.38,18.0,2.1
1982,102.17,31.53,12.0,2.2
1982,102.15,31.55,13.0,2.4
1982,102.17,31.55,14.0,2.4
1982,101.02,29.08,10.0,3.2
1982,103.47,29.43,24.0,3.5
1982,101.98,26.9,11.0,2.4
1982,104.33,32.1,10.0,2.1
1982,104.35,32.1,9.0,2.6
1982,102.8,25.08,22.0,2.6
1982,99.85,31.83,17.0,6.0
1982,99.87,26.53,15.0,5.4
1982,99.0,24.72,26.0,3.0
1982,99.83,26.12,14.0,2.3
1982,98.9,24.52,18.0,3.9
1982,98.87,24.55,11.0,2.5
1982,99.28,25.1,23.0,2.0
1982,105.17,33.3,16.0,2.6
1982,103.82,31.28,18.0,3.7
1982,101.8,30.5,10.0,3.1
1982,100.43,29.68,17.0,4.3
1984,104.73,33.4,5.0,4.1
1984,99.92,26.15,40.0,2.0
1984,105.75,23.85,20.0,3.2
1984,106.95,23.62,23.0,3.5
1984,106.7,24.97,21.0,3.3
1985,98.58,30.48,12.0,3.0
1985,100.8,26.75,18.0,2.3
1985,100.75,27.0,27.0,2.4
1985,100.7,26.97,29.0,2.7
1985,100.72,26.93,33.0,2.7
1985,100.7,26.95,29.0,2.5
1985,99.92,26.18,16.0,2.2
1985,104.93,32.9,41.0,3.6
1985,106.13,27.63,15.0,3.0
1985,105.3,29.5,10.0,2.6
1985,105.3,29.45,5.0,2.6
1985,105.5,29.13,15.0,3.0
1985,100.78,25.4,13.0,2.3
1985,105.72,28.58,15.0,2.5
1985,105.5,29.13,20.0,2.2
1985,105.27,28.3,20.0,2.7
1985,104.83,29.37,7.0,5.0
1985,104.8,29.4,5.0,3.2
1985,102.93,25.88,5.0,6.5
1985,102.93,25.82,5.0,4.1
1985,102.97,25.87,8.0,3.8
1985,103.02,25.83,8.0,3.7
1985,102.9,25.83,5.0,3.1
1985,103.05,25.78,10.0,3.9
1985,102.93,25.83,7.0,3.8
1985,102.9,25.78,6.0,3.0
1985,102.95,25.83,9.0,3.8
1985,102.98,25.83,7.0,3.6
1985,102.97,25.78,8.0,3.5
1985,102.87,25.83,6.0,3.2
1985,102.92,25.82,11.0,3.2
1985,102.93,25.82,9.0,3.3
1985,102.78,25.8,4.0,3.0
1985,102.93,25.87,9.0,3.6
1985,102.88,25.82,4.0,3.4
1985,102.87,25.78,8.0,3.1
1985,102.9,25.82,6.0,3.4
1985,102.85,25.75,5.0,2.9
1985,102.85,25.77,7.0,3.0
1985,102.93,25.8,8.0,4.1
1985,102.73,25.75,4.0,3.6
1985,102.85,25.83,9.0,2.9
1985,102.78,25.82,4.0,2.7
1985,104.8,33.37,11.0,2.8
1985,104.88,33.07,21.0,3.1
1985,103.75,33.15,23.0,2.1
1985,98.27,30.93,33.0,5.0
1985,101.8,24.47,25.0,3.7
1985,101.87,24.42,16.0,2.4
1985,100.28,25.78,20.0,2.6
1985,100.0,26.4,13.0,2.9
1985,102.85,25.78,15.0,3.3
1985,100.42,25.95,17.0,3.6
1985,100.4,25.97,16.0,3.2
1985,102.85,25.82,10.0,3.3
1985,102.93,25.87,12.0,3.2
1985,102.85,25.82,4.0,3.6
1985,105.08,28.78,20.0,2.3
1985,102.88,25.8,10.0,4.0
1985,102.88,25.87,9.0,4.9
1985,102.97,25.88,5.0,4.1
1985,102.83,25.88,5.0,3.0
1985,102.75,23.72,6.0,5.4
1985,102.72,23.57,9.0,4.3
1985,102.92,25.58,23.0,3.5
1985,102.87,23.57,21.0,3.6
1985,103.67,27.22,19.0,2.9
1985,101.02,27.18,20.0,4.0
1985,101.12,28.07,27.0,4.0
1985,100.07,22.88,19.0,2.2
1985,99.53,25.9,18.0,2.3
1985,100.88,27.02,27.0,2.0
1985,100.03,27.07,26.0,2.0
1985,99.58,25.85,14.0,4.6
1985,99.53,25.93,7.0,3.8
1985,102.8,22.03,15.0,4.3
1985,101.22,22.43,12.0,4.1
1985,105.05,26.48,15.0,4.8
1986,104.5,33.17,16.0,2.1
1986,103.3,29.58,5.0,1.4
1986,102.35,27.95,10.0,1.2
1986,103.17,30.52,15.0,1.6
1986,102.35,27.97,10.0,1.9
1986,102.12,30.17,10.0,1.2
1986,104.68,33.07,24.0,1.5
1986,103.22,29.98,15.0,1.6
1986,102.93,30.7,10.0,2.5
1986,103.8,33.15,8.0,1.9
1986,103.22,29.88,15.0,1.6
1986,102.7,29.97,5.0,2.3
1986,102.35,27.88,10.0,1.9
1986,102.33,27.88,10.0,1.5
1986,102.35,27.88,10.0,1.6
1986,102.32,27.87,10.0,1.2
1986,105.07,29.37,5.0,2.4
1986,102.35,27.88,10.0,1.6
1986,102.32,27.88,10.0,1.0
1986,103.3,29.97,10.0,2.2
1986,104.85,33.03,17.0,1.4
1986,102.47,29.8,10.0,2.0
1986,102.27,29.08,25.0,2.0
1986,102.03,29.93,10.0,2.1
1986,102.33,27.87,10.0,1.3
1986,100.8,27.02,25.0,2.5
1986,105.0,33.22,2.0,2.2
1986,102.98,30.28,10.0,2.3
1986,102.57,30.02,10.0,2.0
1986,103.07,30.87,25.0,1.8
1986,103.68,28.7,15.0,2.0
1986,105.25,28.52,15.0,2.3
1986,105.2,28.45,15.0,2.1
1986,105.23,28.53,15.0,2.0
1986,103.55,31.17,10.0,1.6
1986,103.65,29.23,10.0,1.9
1986,105.25,28.53,15.0,2.5
1986,103.13,30.3,20.0,2.2
1986,103.95,32.93,19.0,1.8
1986,103.05,30.0,25.0,2.1
1986,102.43,28.93,15.0,1.2
1986,104.18,32.73,19.0,2.7
1986,102.45,28.87,5.0,2.0
1986,102.58,27.95,5.0,1.2
1986,104.12,32.88,21.0,3.2
1986,104.12,32.8,13.0,2.7
1986,102.32,27.88,10.0,1.2
1986,103.78,29.37,5.0,1.7
1986,103.05,30.13,15.0,2.1
1986,103.47,31.1,10.0,1.4
1986,103.72,29.37,10.0,1.7
1986,100.78,29.27,15.0,6.0
1986,103.18,29.75,30.0,1.4
1986,102.72,30.68,5.0,1.8
1986,103.45,31.1,5.0,1.8
1986,102.35,29.12,10.0,1.3
1986,101.37,27.4,15.0,4.0
1986,101.4,27.43,15.0,2.9
1986,101.3,27.4,15.0,5.0
1986,103.72,29.27,10.0,2.3
1986,105.05,32.85,24.0,1.5
1986,103.1,30.77,15.0,2.5
1986,104.6,33.12,27.0,2.2
1986,101.35,27.38,15.0,5.6
1986,103.67,29.22,15.0,2.1
1986,103.05,29.68,20.0,2.8
1986,102.87,30.77,15.0,1.5
1986,102.32,27.88,10.0,1.5
1986,103.12,29.15,5.0,2.4
1986,102.32,27.88,10.0,1.5
1986,102.32,27.9,10.0,1.4
1986,103.18,29.4,10.0,2.4
1986,102.33,27.87,10.0,1.0
1986,103.25,30.4,10.0,2.8
1986,101.93,29.6,10.0,1.7
1986,103.28,30.28,15.0,2.8
1986,103.32,30.28,15.0,2.5
1986,103.22,29.45,10.0,2.5
1986,103.93,32.82,2.0,2.4
1986,103.3,30.18,15.0,1.7
1986,104.62,29.07,15.0,2.1
1986,102.4,27.7,5.0,1.3
1986,101.92,27.48,10.0,1.5
1986,102.72,28.38,15.0,1.9
1986,104.23,29.67,15.0,2.6
1986,102.32,27.9,15.0,2.2
1986,102.05,29.82,10.0,1.2
1986,103.25,31.1,5.0,2.1
1986,104.7,32.97,14.0,2.3
1986,103.98,29.2,10.0,2.1
1986,103.35,29.88,10.0,1.7
1986,103.58,29.35,20.0,2.4
1986,103.17,29.92,15.0,2.5
1986,103.6,29.28,15.0,2.0
1986,104.68,33.17,17.0,2.0
1986,103.03,30.48,25.0,2.1
1986,102.92,30.55,10.0,2.4
1986,103.72,29.83,10.0,2.3
1986,103.47,29.97,5.0,2.6
1986,103.37,30.85,10.0,2.4
1986,105.93,30.18,10.0,2.7
1986,102.75,30.5,10.0,2.6
1986,102.72,27.8,17.0,1.7
1986,102.6,29.73,5.0,1.4
1986,102.27,28.12,10.0,1.3
1986,102.33,27.88,8.0,1.5
1986,102.78,30.63,15.0,2.1
1986,102.78,30.63,15.0,2.6
1986,103.53,33.33,25.0,2.3
1986,102.55,30.72,10.0,2.2
1986,103.58,29.4,10.0,2.4
1986,102.42,30.77,5.0,2.0
1986,103.28,29.77,10.0,2.2
1986,103.2,29.77,10.0,2.7
1986,103.62,28.45,25.0,2.7
1986,102.78,28.13,15.0,1.7
1986,102.2,27.98,5.0,1.0
1986,102.85,26.87,10.0,1.7
1986,98.57,24.5,25.0,2.3
1986,102.32,27.87,10.0,1.1
1986,103.22,29.72,10.0,2.5
1986,102.22,27.95,5.0,1.2
1986,102.72,28.08,5.0,1.5
1986,102.82,27.83,15.0,1.3
1986,102.9,25.83,10.0,3.1
1986,102.82,28.15,15.0,1.8
1986,102.82,27.83,15.0,1.3
1986,102.33,27.88,10.0,1.8
1986,104.98,32.88,3.0,2.3
1986,103.18,29.73,10.0,2.0
1986,103.23,29.73,10.0,2.3
1986,102.7,27.82,20.0,1.6
1986,103.23,30.62,15.0,2.2
1986,104.53,29.08,5.0,2.3
1986,104.03,31.5,10.0,2.1
1986,104.82,33.3,12.0,2.6
1986,105.25,32.05,14.0,2.2
1986,105.62,29.57,15.0,1.9
1986,103.22,29.92,30.0,1.8
1986,102.32,27.88,10.0,1.1
1986,103.85,32.87,21.0,2.8
1986,104.58,33.17,1.0,2.8
1986,102.7,27.83,10.0,1.3
1986,102.7,27.83,10.0,1.6
1986,104.07,31.7,10.0,1.9
1986,105.6,29.57,15.0,2.3
1986,103.22,31.83,10.0,2.3
1986,101.73,29.88,10.0,1.6
1986,103.6,32.05,5.0,1.9
1986,102.8,27.67,10.0,2.0
1986,103.15,29.25,10.0,2.4
1986,103.57,30.78,10.0,2.4
1986,103.53,30.8,10.0,2.3
1986,102.67,27.83,5.0,1.8
1986,104.33,32.33,3.0,2.2
1986,101.97,29.9,15.0,2.1
1986,102.1,27.75,10.0,1.2
1986,102.08,27.77,10.0,1.7
1986,102.32,27.93,10.0,1.0
1986,102.1,27.92,10.0,1.0
1986,102.1,27.75,10.0,1.0
1986,102.07,27.77,10.0,1.5
1986,103.37,30.28,15.0,2.9
1986,104.68,33.18,1.0,2.5
1986,103.48,30.93,15.0,2.3
1986,102.65,27.9,5.0,1.4
1986,103.5,29.68,10.0,2.8
1986,102.08,27.75,10.0,1.3
1986,103.48,29.4,10.0,1.8
1986,103.62,32.68,12.0,2.6
1986,102.08,27.75,10.0,1.4
1986,103.12,30.0,10.0,1.9
1986,103.87,28.57,15.0,2.1
1986,102.08,27.75,10.0,1.5
1986,102.08,27.77,10.0,1.4
1986,104.95,29.13,30.0,2.2
1986,103.0,29.72,5.0,1.8
1986,102.07,27.75,10.0,1.7
1986,102.07,27.78,10.0,1.3
1986,102.75,27.9,10.0,1.2
1986,104.05,27.77,10.0,1.2
1986,102.08,27.77,10.0,1.4
1986,102.98,30.07,10.0,2.5
1986,102.8,30.37,15.0,1.3
1986,103.97,30.32,20.0,1.6
1986,102.82,27.22,25.0,2.1
1986,102.98,26.98,15.0,1.4
1986,104.87,29.1,15.0,2.5
1986,102.63,27.82,20.0,1.6
1986,102.63,27.82,20.0,1.4
1986,104.17,31.85,15.0,2.8
1986,103.33,29.45,5.0,2.1
1986,103.52,29.42,10.0,2.3
1986,102.55,27.68,25.0,1.0
1986,102.33,27.93,10.0,1.8
1986,102.82,27.87,15.0,1.9
1986,102.8,27.05,10.0,2.4
1986,103.55,29.48,10.0,2.2
1986,102.02,29.77,10.0,1.0
1986,103.7,29.3,10.0,2.4
1986,102.07,28.02,15.0,1.2
1986,103.68,28.63,15.0,2.0
1986,103.15,29.6,15.0,2.3
1986,103.22,29.73,15.0,1.5
1986,103.73,28.3,25.0,1.6
1986,102.42,27.77,10.0,1.9
1986,102.28,27.88,10.0,1.9
1986,100.0,25.3,33.0,4.8
1986,102.75,27.88,15.0,1.8
1987,99.9,32.98,10.0,2.8
1987,101.35,27.37,15.0,2.5
1987,101.4,27.4,15.0,2.6
1987,101.4,27.4,15.0,3.2
1987,106.68,32.9,9.0,1.7
1987,104.32,31.88,5.0,2.5
1987,103.47,28.25,5.0,2.6
1987,101.17,28.12,10.0,2.8
1987,103.38,28.28,10.0,2.5
1987,106.87,22.95,19.0,2.9
1987,101.4,27.03,15.0,2.8
1987,102.78,28.25,10.0,3.2
1987,99.47,30.22,15.0,2.6
1987,103.52,31.9,15.0,2.8
1987,103.27,30.65,20.0,3.1
1987,104.45,32.43,2.0,2.0
1987,104.22,32.83,17.0,3.0
1987,102.88,24.52,5.0,2.8
1987,100.17,25.35,20.0,2.9
1987,101.32,22.4,10.0,3.4
1987,102.2,29.22,10.0,2.7
1987,100.78,27.38,10.0,2.9
1987,101.28,24.5,10.0,3.2
1987,102.23,22.72,15.0,2.5
1987,100.08,26.38,10.0,2.6
1987,104.62,29.12,10.0,3.2
1987,100.13,25.37,15.0,2.5
1987,102.63,28.32,15.0,2.7
1987,104.5,29.27,30.0,2.5
1987,100.13,25.32,10.0,2.7
1987,101.48,30.58,10.0,3.7
1987,103.22,29.65,15.0,2.5
1987,103.62,31.1,10.0,2.7
1987,101.82,30.08,20.0,2.8
1987,106.48,29.85,5.0,2.6
1987,103.33,29.75,20.0,3.1
1987,101.85,30.12,30.0,2.9
1987,103.45,28.42,10.0,2.8
1987,104.6,32.93,17.0,2.3
1987,100.38,28.13,5.0,2.5
1987,102.45,28.75,10.0,2.6
1987,101.15,28.97,15.0,3.3
1987,102.12,28.45,10.0,2.6
1987,104.38,33.33,7.0,2.8
1987,104.68,29.22,20.0,3.0
1987,102.58,26.93,15.0,2.8
1987,102.67,29.97,10.0,3.5
1987,102.65,26.03,20.0,2.6
1987,100.1,26.88,10.0,2.5
1987,100.08,26.92,10.0,2.6
1987,102.37,29.07,20.0,2.5
1987,101.38,27.38,15.0,2.5
1987,103.37,30.97,10.0,2.9
1987,103.92,32.83,10.0,2.9
1987,103.3,29.95,10.0,2.6
1987,102.1,29.65,10.0,2.7
1987,100.43,25.78,20.0,2.5
1987,104.82,29.83,20.0,2.8
1987,100.22,26.17,15.0,2.5
1987,103.88,33.13,5.0,2.5
1987,102.2,31.52,10.0,2.9
1987,103.67,33.4,38.0,4.2
1987,99.23,25.6,10.0,2.9
1987,100.02,27.08,10.0,2.6
1987,100.18,26.17,10.0,2.6
1987,100.0,31.78,5.0,2.6
1987,100.55,26.17,10.0,2.6
1987,100.55,26.15,25.0,2.6
1987,100.58,26.17,15.0,3.4
1987,100.55,26.15,20.0,3.7
1987,100.55,26.17,15.0,3.4
1987,102.15,27.7,5.0,2.5
1987,104.73,32.9,9.0,2.7
1987,105.03,23.85,24.0,2.1
1987,98.92,24.5,15.0,2.6
1987,104.13,32.82,15.0,3.3
1987,104.12,32.95,15.0,3.0
1987,101.53,27.48,15.0,3.3
1987,104.92,28.8,15.0,2.9
1987,102.87,26.65,10.0,2.6
1987,103.42,31.7,10.0,3.8
1987,104.85,28.8,10.0,3.9
1987,104.98,28.7,30.0,3.2
1987,104.9,28.78,10.0,3.4
1987,100.22,26.17,15.0,3.8
1987,101.03,27.48,10.0,2.6
1987,104.82,33.3,16.0,1.7
1987,100.08,25.27,10.0,3.0
1987,102.93,30.17,10.0,3.5
1987,101.6,26.97,10.0,2.5
1987,101.15,28.6,10.0,3.1
1987,101.15,28.62,10.0,3.0
1987,104.65,29.22,15.0,2.5
1987,104.68,33.12,19.0,1.5
1987,102.92,30.23,15.0,2.7
1987,102.22,24.8,5.0,2.6
1987,104.23,32.65,8.0,2.9
1987,103.0,30.4,15.0,3.5
1987,98.88,24.68,10.0,3.3
1987,101.38,27.4,10.0,2.5
1987,102.72,26.05,20.0,2.6
1987,104.93,28.77,10.0,4.3
1987,104.93,28.8,15.0,3.4
1987,104.95,28.75,15.0,2.6
1987,104.93,28.8,10.0,3.0
1987,104.17,32.78,14.0,2.3
1987,102.68,25.87,5.0,2.8
1987,104.95,28.77,15.0,2.9
1987,104.27,32.73,5.0,2.5
1987,102.88,27.77,10.0,2.6
1987,104.7,33.25,19.0,2.1
1987,104.73,33.25,19.0,2.1
1987,102.33,28.07,25.0,2.6
1987,104.1,32.97,8.0,2.3
1987,103.02,30.17,30.0,3.3
1987,101.03,27.45,10.0,2.5
1987,102.05,30.3,30.0,3.6
1987,100.88,27.22,10.0,2.8
1987,103.65,33.0,5.0,2.8
1987,102.98,30.22,25.0,2.5
1987,103.1,29.82,10.0,3.0
1987,102.35,29.22,15.0,2.6
1987,104.97,32.92,2.0,2.1
1987,103.3,30.88,10.0,2.6
1987,104.7,33.0,1.0,2.7
1987,103.72,28.37,10.0,3.6
1987,103.25,31.87,10.0,2.6
1987,99.87,31.87,10.0,2.8
1987,102.28,30.28,5.0,2.8
1987,102.1,31.57,10.0,2.7
1987,100.12,25.33,5.0,2.7
1987,101.37,27.42,10.0,2.5
1987,103.58,32.32,10.0,2.8
1987,103.05,30.05,20.0,2.6
1987,103.15,27.18,15.0,2.9
1987,102.17,29.53,15.0,2.6
1987,103.52,29.47,10.0,2.6
1987,102.3,26.88,30.0,3.7
1987,104.72,29.3,15.0,2.5
1987,102.25,29.5,15.0,2.8
1987,102.2,29.52,10.0,2.7
1987,99.17,24.83,15.0,4.0
1987,99.17,24.85,10.0,4.0
1987,99.15,24.82,10.0,3.6
1987,103.4,23.43,10.0,3.1
1987,99.83,30.85,10.0,3.0
1987,99.18,24.8,10.0,3.4
1987,103.07,29.77,15.0,2.6
1987,105.2,32.02,10.0,2.5
1987,99.2,24.9,10.0,2.7
1987,99.2,24.9,10.0,2.7
1987,100.27,25.12,10.0,2.7
1987,103.07,30.03,25.0,3.4
1987,103.22,29.35,15.0,2.7
1987,100.08,25.3,10.0,2.5
1987,103.33,32.82,10.0,2.9
1987,103.72,32.25,5.0,2.7
1987,103.17,30.5,30.0,2.9
1987,99.87,28.75,15.0,2.7
1987,102.18,29.2,15.0,3.9
1987,102.88,23.88,10.0,2.6
1987,101.38,32.08,25.0,2.5
1987,103.63,29.38,10.0,2.7
1987,101.93,25.3,15.0,3.6
1987,103.17,24.32,15.0,3.1
1987,102.92,32.72,10.0,3.0
1987,101.08,27.88,20.0,2.6
1987,104.68,33.2,20.0,1.7
1987,103.57,28.83,15.0,2.5
1987,101.05,27.93,15.0,2.6
1987,104.13,29.43,15.0,3.4
1987,102.6,32.98,10.0,2.7
1987,105.23,28.13,15.0,3.0
1987,100.75,28.02,5.0,2.7
1987,101.98,26.93,15.0,3.3
1987,104.77,33.4,17.0,1.8
1987,99.17,25.18,10.0,2.5
1987,99.18,24.93,15.0,5.0
1987,103.7,30.27,30.0,3.0
1987,99.98,25.6,5.0,3.2
1987,99.2,24.88,5.0,3.2
1987,104.02,25.72,10.0,2.5
1987,105.0,33.1,9.0,2.5
1987,103.35,30.75,30.0,2.7
1987,101.42,27.03,15.0,2.5
1987,101.97,26.93,15.0,3.5
1987,101.98,26.93,15.0,2.6
1987,101.2,27.02,15.0,2.5
1987,98.72,24.48,10.0,2.5
1987,103.9,33.23,18.0,2.5
1987,100.1,26.4,10.0,2.7
1987,104.43,33.2,2.0,1.5
1987,98.72,25.2,10.0,2.9
1987,104.73,33.03,19.0,2.0
1987,100.68,31.37,10.0,2.7
1987,103.83,31.33,10.0,2.5
1987,101.17,27.87,15.0,3.4
1987,104.9,28.77,10.0,2.8
1987,102.4,28.93,15.0,2.9
1987,104.92,28.83,30.0,3.6
1987,100.23,26.17,10.0,3.1
1987,103.67,28.63,10.0,3.9
1987,102.13,32.52,10.0,2.8
1987,104.68,32.92,12.0,3.1
1987,99.22,30.58,10.0,2.7
1987,100.13,25.32,5.0,3.2
1987,100.38,29.7,10.0,2.5
1987,103.5,27.98,10.0,2.9
1987,102.42,26.82,25.0,2.5
1987,103.92,33.1,15.0,2.9
1987,100.7,28.07,5.0,3.0
1987,104.65,29.15,10.0,2.5
1987,100.93,27.07,10.0,3.2
1987,102.3,29.05,20.0,2.7
1987,102.85,32.78,20.0,2.6
1987,102.52,24.33,10.0,2.5
1987,100.75,27.83,10.0,2.7
1987,100.85,31.25,10.0,3.2
1987,102.52,24.32,5.0,2.5
1987,103.65,31.83,15.0,3.6
1987,102.75,31.88,10.0,2.5
1987,102.52,24.35,5.0,2.8
1987,102.52,24.33,10.0,2.5
1987,103.67,31.83,15.0,3.7
1987,102.52,24.35,10.0,3.2
1987,102.5,24.33,10.0,3.2
1988,100.83,27.75,15.0,2.6
1988,103.88,31.48,10.0,2.6
1988,103.53,31.92,15.0,2.6
1988,100.93,27.22,17.0,5.5
1988,101.58,30.4,10.0,2.7
1988,101.07,28.1,15.0,2.6
1988,100.92,27.18,10.0,2.6
1988,103.25,30.65,10.0,3.8
1988,103.25,30.68,5.0,2.8
1988,103.23,30.58,10.0,2.8
1988,98.82,24.7,10.0,4.2
1988,102.92,31.52,5.0,3.6
1988,100.13,25.4,10.0,3.2
1988,102.4,30.08,20.0,3.0
1988,102.88,29.95,30.0,3.1
1988,104.17,31.77,10.0,2.5
1988,99.07,24.87,5.0,2.5
1988,102.8,25.88,5.0,3.5
1988,103.5,28.87,10.0,2.5
1988,98.83,24.72,10.0,3.6
1988,102.8,25.87,10.0,2.6
1988,102.72,25.97,15.0,3.1
1988,102.85,24.53,5.0,3.5
1988,103.55,32.05,5.0,2.9
1988,100.92,29.15,5.0,2.6
1988,102.82,25.87,5.0,3.3
1988,100.88,29.15,10.0,2.7
1988,101.0,27.3,15.0,3.5
1988,101.1,27.2,15.0,3.3
1988,104.1,31.62,10.0,2.7
1988,104.08,31.53,15.0,3.0
1988,104.0,29.27,10.0,2.8
1988,100.9,29.15,15.0,3.2
1988,104.12,31.62,5.0,3.0
1988,104.52,33.18,4.0,2.2
1988,102.68,27.02,10.0,2.7
1988,101.1,27.48,10.0,2.5
1988,101.17,27.5,10.0,2.9
1988,102.38,30.03,15.0,2.9
1988,102.87,30.38,30.0,2.8
1988,102.53,27.13,10.0,3.1
1988,102.67,27.13,15.0,2.7
1988,100.88,29.15,15.0,2.7
1988,100.37,27.08,15.0,3.7
1988,100.32,27.08,5.0,2.5
1988,102.73,27.0,15.0,3.5
1988,102.75,26.98,10.0,3.4
1988,102.8,26.97,15.0,2.9
1988,104.13,32.83,15.0,2.9
1988,102.83,26.62,10.0,2.5
1988,100.02,25.55,5.0,2.8
1988,99.73,30.08,15.0,2.9
1988,99.17,24.87,10.0,3.8
1988,102.75,26.98,15.0,2.8
1988,101.9,26.18,20.0,2.7
1988,100.87,29.2,10.0,2.7
1988,103.03,30.52,10.0,2.8
1988,101.37,32.3,10.0,2.6
1988,99.73,30.1,15.0,3.5
1988,99.7,30.08,15.0,2.9
1988,99.98,26.85,25.0,2.7
1988,104.68,32.93,14.0,2.2
1988,99.73,30.08,15.0,3.4
1988,98.73,24.23,5.0,3.0
1988,101.0,27.68,10.0,2.6
1988,104.38,33.0,1.0,2.3
1988,102.52,29.95,25.0,3.6
1988,98.85,24.4,10.0,2.6
1988,102.68,26.33,15.0,3.8
1988,104.23,32.55,10.0,2.5
1988,102.75,26.3,15.0,5.3
1988,103.17,31.78,10.0,2.5
1988,102.33,29.08,10.0,2.5
1988,103.18,25.35,15.0,3.1
1988,99.62,29.23,15.0,3.5
1988,101.85,27.62,10.0,2.5
1988,103.02,30.48,15.0,4.5
1988,103.05,30.52,10.0,2.5
1988,102.9,24.65,10.0,3.3
1988,100.0,26.35,15.0,3.2
1988,100.05,25.92,25.0,2.5
1988,102.07,25.2,5.0,3.5
1988,102.03,28.93,10.0,2.7
1988,104.53,33.3,2.0,2.0
1988,104.2,32.58,10.0,2.5
1988,101.37,25.75,5.0,2.6
1988,102.15,31.52,5.0,2.6
1988,101.17,28.08,10.0,3.0
1988,100.93,27.92,15.0,2.6
1988,102.42,30.62,10.0,3.3
1988,100.13,25.33,15.0,2.6
1988,100.12,25.32,5.0,2.5
1988,100.13,25.28,5.0,2.5
1988,100.17,25.35,5.0,2.8
1988,100.12,25.27,5.0,2.8
1988,100.17,25.32,5.0,2.5
1988,101.27,26.4,15.0,2.8
1988,98.85,24.47,10.0,2.7
1988,101.42,31.7,10.0,2.6
1988,100.17,22.73,10.0,3.2
1988,104.43,28.07,10.0,3.3
1988,104.52,32.88,14.0,2.4
1988,104.02,29.33,30.0,2.8
1988,101.48,30.58,15.0,4.5
1988,101.47,30.58,15.0,5.0
1988,101.48,30.6,15.0,3.3
1988,100.18,25.33,20.0,2.7
1988,101.43,30.6,10.0,3.9
1988,101.48,30.63,10.0,2.7
1988,101.28,26.9,15.0,2.6
1988,99.85,31.03,5.0,2.7
1988,100.12,25.33,15.0,3.4
1988,99.87,31.02,10.0,2.9
1988,100.17,25.33,15.0,3.3
1988,104.12,32.48,10.0,3.3
1988,103.82,32.98,20.0,2.5
1988,98.83,24.28,10.0,2.7
1988,104.37,31.92,10.0,3.1
1988,102.82,27.92,10.0,2.6
1988,103.52,32.05,20.0,3.3
1988,102.8,26.77,5.0,2.5
1988,98.53,25.0,10.0,2.9
1988,103.3,27.67,15.0,3.4
1988,102.85,24.52,5.0,2.5
1988,99.3,24.38,5.0,2.8
1988,99.82,31.02,5.0,2.6
1988,101.73,30.28,15.0,2.7
1988,99.83,31.03,5.0,2.5
1988,99.7,25.83,15.0,3.0
1988,101.05,27.17,15.0,3.3
1988,101.03,27.22,15.0,3.1
1988,99.87,31.02,10.0,3.2
1988,99.83,31.02,5.0,2.7
1988,102.75,29.87,15.0,2.7
1988,102.58,30.3,15.0,2.6
1988,102.03,25.28,15.0,3.3
1988,103.52,31.13,10.0,2.9
1988,98.02,24.77,20.0,3.3
1988,103.7,31.08,10.0,2.5
1988,102.78,31.88,10.0,2.6
1988,101.87,27.65,30.0,2.9
1988,104.1,29.38,10.0,3.3
1988,101.0,27.7,15.0,2.7
1988,103.02,30.65,10.0,2.5
1988,101.52,31.68,5.0,2.5
1988,102.1,25.62,5.0,3.2
1988,102.47,29.1,10.0,2.6
1988,102.47,29.12,10.0,2.9
1988,103.9,31.7,15.0,4.3
1988,103.9,31.72,15.0,3.6
1988,101.08,25.88,10.0,2.6
1988,101.9,26.33,15.0,2.7
1988,102.8,27.02,10.0,3.1
1988,104.87,31.67,10.0,2.5
1988,103.75,31.3,10.0,3.1
1988,99.2,24.9,10.0,3.0
1988,101.88,29.83,15.0,2.6
1988,105.77,28.62,5.0,3.2
1988,105.73,28.63,10.0,2.9
1988,100.72,27.17,15.0,2.6
1988,100.4,27.15,15.0,2.5
1988,102.08,25.15,10.0,3.5
1988,102.92,30.1,10.0,2.5
1988,104.05,32.93,7.0,2.5
1988,99.45,31.75,10.0,3.2
1988,99.9,31.0,5.0,3.0
1988,99.43,31.77,10.0,2.7
1988,99.78,24.78,15.0,2.6
1988,103.98,29.32,10.0,2.6
1988,103.17,29.87,25.0,2.7
1988,103.97,29.37,15.0,2.5
1988,103.07,29.72,10.0,3.2
1988,100.27,26.22,10.0,2.9
1988,102.72,27.82,15.0,3.1
1988,101.12,29.13,15.0,2.9
1988,102.98,26.7,15.0,3.4
1988,99.77,22.67,10.0,2.5
1988,99.77,22.78,5.0,3.0
1988,99.77,22.75,10.0,2.5
1988,99.83,22.82,10.0,3.5
1988,99.77,22.75,10.0,2.9
1988,100.97,22.5,5.0,3.8
1988,99.88,31.02,5.0,2.6
1988,102.27,24.18,5.0,3.3
1988,102.4,24.2,10.0,3.9
1988,102.28,24.1,10.0,3.0
1988,104.42,32.12,15.0,2.6
1988,99.18,24.82,10.0,3.3
1988,104.57,32.98,16.0,2.2
1988,101.85,29.52,10.0,2.5
1988,103.22,27.68,5.0,2.5
1988,99.93,31.03,10.0,2.9
1988,102.95,31.58,10.0,2.5
1988,101.87,32.02,15.0,3.1
1988,103.52,33.1,18.0,2.3
1988,104.15,32.2,15.0,2.8
1988,102.72,26.37,10.0,3.0
1988,99.67,22.87,10.0,3.1
1988,102.97,26.4,15.0,3.0
1988,99.8,22.78,10.0,3.6
1988,103.07,30.42,30.0,3.3
1988,101.43,32.07,10.0,2.6
1988,103.8,31.0,10.0,3.0
1988,101.67,32.02,10.0,2.5
1988,103.97,31.45,10.0,3.6
1988,103.27,29.83,20.0,2.7
1988,99.87,31.0,5.0,3.3
1988,101.03,29.25,15.0,2.7
1988,98.68,25.85,15.0,2.5
1988,102.72,26.3,15.0,3.0
1988,102.95,31.35,10.0,2.6
1988,104.1,29.37,10.0,2.7
1988,104.0,29.3,10.0,3.5
1988,104.05,29.37,10.0,2.6
1988,103.33,33.27,2.0,2.6
1988,102.28,27.05,15.0,2.7
1988,104.43,33.03,31.0,2.8
1988,103.95,31.52,10.0,2.5
1988,103.82,31.27,15.0,3.2
1988,102.15,31.35,10.0,2.6
1988,99.75,31.0,10.0,3.0
1988,100.03,32.68,10.0,3.2
1988,100.0,32.72,10.0,2.5
1988,101.57,31.38,30.0,2.6
1988,101.15,27.73,30.0,2.5
1988,104.77,33.13,11.0,2.2
1988,100.3,23.78,5.0,3.5
1988,99.75,30.12,5.0,3.4
1988,103.87,32.8,21.0,2.3
1988,99.83,31.05,20.0,2.8
1988,99.37,30.0,10.0,3.1
1988,101.82,29.02,15.0,2.7
1988,99.82,22.88,10.0,2.9
1988,102.78,27.83,10.0,2.5
1988,104.72,33.27,11.0,2.1
1988,100.98,32.12,15.0,2.8
1988,99.9,31.0,5.0,2.6
1988,98.95,24.22,10.0,2.6
1988,99.72,22.83,13.0,7.5
1988,99.6,23.38,8.0,7.0
1988,99.7,22.8,10.0,5.8
1988,99.7,23.0,10.0,5.7
1988,99.4,23.2,10.0,5.5
1988,99.5,23.3,10.0,5.1
1988,99.5,23.4,10.0,5.4
1988,103.02,31.53,10.0,2.5
1988,99.8,23.0,10.0,5.5
1988,99.3,23.4,10.0,5.1
1988,99.5,23.4,10.0,5.3
1988,101.4,27.42,10.0,2.6
1988,101.38,27.4,15.0,2.5
1988,104.8,31.92,18.0,2.9
1988,99.7,23.1,18.0,5.5
1988,106.95,23.08,7.0,2.4
1988,99.85,30.85,10.0,2.6
1988,100.58,25.8,20.0,4.2
1988,103.95,32.92,30.0,3.0
1988,101.23,28.05,10.0,2.9
1988,104.15,32.22,15.0,3.0
1988,101.33,27.42,30.0,2.5
1988,101.3,27.43,15.0,2.5
1988,101.38,27.43,15.0,2.5
1988,99.9,22.7,16.0,5.8
1988,99.8,22.8,15.0,6.4
1988,102.73,26.25,10.0,2.8
1988,100.45,25.88,5.0,2.9
1988,102.9,24.75,5.0,2.9
1988,101.67,30.25,15.0,4.6
1988,101.67,30.25,15.0,3.6
1988,100.6,26.8,10.0,2.6
1988,102.1,30.22,10.0,2.9
1988,100.13,25.37,5.0,2.5
1988,98.83,24.38,15.0,2.7
1988,102.02,30.18,10.0,2.9
1988,99.22,24.87,10.0,3.5
1988,99.5,24.68,15.0,3.3
1988,100.87,31.62,5.0,2.5
1988,102.87,24.4,10.0,2.5
1988,99.5,23.4,33.0,5.1
1988,102.87,24.4,5.0,3.2
1988,101.02,27.35,10.0,2.5
1988,100.77,33.32,10.0,2.5
1988,102.73,24.53,10.0,2.8
1988,100.45,22.33,10.0,3.6
1988,101.13,23.13,10.0,3.1
1989,100.95,27.73,20.0,2.6
1989,103.48,31.18,15.0,2.7
1989,100.2,26.18,5.0,2.8
1989,104.65,29.17,15.0,2.9
1989,103.63,31.18,10.0,2.5
1989,102.2,28.22,10.0,2.9
1989,100.47,23.72,5.0,3.0
1989,100.48,23.75,10.0,2.7
1989,102.48,24.22,5.0,2.7
1989,103.45,29.33,30.0,2.5
1989,103.0,26.42,5.0,3.2
1989,100.0,30.07,30.0,5.2
1989,102.7,27.37,10.0,2.5
1989,102.87,24.58,10.0,2.8
1989,103.78,31.22,10.0,3.6
1989,103.72,31.23,5.0,2.6
1989,104.87,33.05,13.0,1.9
1989,102.72,27.37,10.0,3.1
1989,104.77,33.13,1.0,2.5
1989,102.73,27.37,10.0,2.7
1989,100.72,27.07,15.0,3.4
1989,102.82,26.87,20.0,3.0
1989,101.02,27.18,15.0,2.6
1989,99.8,32.05,10.0,3.0
1989,99.48,25.9,15.0,3.5
1989,99.48,25.9,15.0,3.5
1989,100.05,30.07,10.0,2.5
1989,102.3,23.47,10.0,3.0
1989,104.73,33.33,1.0,3.0
1989,103.03,30.7,25.0,3.0
1989,102.85,29.97,20.0,3.4
1989,103.47,23.18,10.0,3.4
1989,99.88,32.03,10.0,2.7
1989,100.02,26.3,15.0,2.9
1989,99.57,25.98,15.0,5.1
1989,99.6,25.98,10.0,2.6
1989,103.9,32.93,20.0,2.6
1989,102.73,29.72,20.0,3.0
1989,99.53,23.1,20.0,4.3
1989,99.47,23.42,10.0,2.9
1989,99.62,23.22,5.0,2.8
1989,99.58,23.2,10.0,2.6
1989,100.48,23.78,10.0,3.0
1989,99.78,22.72,15.0,3.8
1989,101.78,32.25,15.0,3.3
1989,104.48,28.9,10.0,2.6
1989,99.32,23.33,25.0,3.5
1989,99.37,23.3,15.0,3.4
1989,102.82,27.0,15.0,2.5
1989,98.88,25.97,10.0,2.8
1989,98.87,24.5,15.0,2.9
1989,99.83,22.68,15.0,3.2
1989,99.87,22.72,5.0,3.2
1989,98.07,31.17,15.0,3.8
1989,99.48,23.43,10.0,2.6
1989,99.52,23.42,10.0,3.6
1989,99.48,23.47,10.0,3.6
1989,103.58,29.82,20.0,2.7
1989,100.77,27.8,10.0,3.2
1989,102.75,27.4,15.0,3.4
1989,98.85,25.97,10.0,3.5
1989,98.83,25.92,10.0,3.3
1989,98.83,25.92,10.0,3.0
1989,99.55,23.18,25.0,2.7
1989,99.78,22.68,20.0,2.8
1989,99.78,22.72,15.0,2.7
1989,99.0,25.92,15.0,3.8
1989,99.8,22.6,20.0,2.8
1989,99.75,22.63,15.0,3.0
1989,99.83,22.7,20.0,3.7
1989,99.82,22.67,15.0,2.9
1989,99.68,22.95,25.0,3.5
1989,99.53,23.35,10.0,2.9
1989,103.62,27.28,5.0,3.4
1989,99.47,23.48,10.0,3.6
1989,103.12,29.22,15.0,3.2
1989,103.03,24.92,10.0,3.2
1989,99.68,23.13,25.0,2.7
1989,99.65,22.98,15.0,3.1
1989,99.65,23.22,10.0,2.5
1989,99.57,23.17,10.0,3.2
1989,101.6,30.32,20.0,2.5
1989,102.68,25.98,5.0,3.4
1989,99.75,22.67,25.0,2.6
1989,104.7,29.13,10.0,2.8
1989,99.42,23.52,10.0,3.6
1989,102.43,31.5,15.0,5.0
1989,99.82,22.7,15.0,2.9
1989,100.43,23.73,10.0,2.8
1989,103.95,32.95,1.0,2.5
1989,100.43,23.73,10.0,2.8
1989,100.4,23.7,20.0,2.5
1989,99.8,22.57,20.0,3.2
1989,98.85,25.8,10.0,2.9
1989,99.8,22.6,15.0,3.3
1989,101.2,27.02,10.0,2.7
1989,101.97,25.43,10.0,2.6
1989,99.45,23.5,10.0,2.6
1989,99.62,23.1,15.0,2.6
1989,99.45,23.53,10.0,3.5
1989,103.08,29.72,30.0,2.5
1989,99.48,23.48,10.0,3.8
1989,104.68,33.08,3.0,2.0
1989,99.7,23.03,10.0,2.9
1989,102.77,27.35,10.0,2.9
1989,104.62,33.2,11.0,3.2
1989,104.57,29.15,30.0,2.7
1989,99.42,23.22,25.0,3.1
1989,99.63,23.28,10.0,3.0
1989,99.92,22.8,10.0,3.1
1989,103.63,31.92,10.0,2.5
1989,99.68,22.88,15.0,2.8
1989,102.3,29.0,15.0,2.5
1989,100.67,28.47,10.0,2.9
1989,100.65,28.45,10.0,2.5
1989,99.67,25.87,10.0,2.6
1989,101.18,29.08,15.0,2.6
1989,101.17,29.1,15.0,2.5
1989,102.35,29.17,15.0,2.5
1989,99.4,23.23,15.0,3.3
1989,99.7,22.93,10.0,2.9
1989,100.77,27.7,10.0,2.9
1989,99.48,24.67,5.0,4.2
1989,99.45,24.63,10.0,3.1
1989,99.45,24.67,5.0,2.7
1989,99.68,22.8,15.0,2.6
1989,99.82,27.68,10.0,2.7
1989,99.73,22.73,15.0,4.1
1989,100.98,27.9,30.0,2.5
1989,101.1,27.87,10.0,2.5
1989,99.5,23.42,10.0,2.8
1989,104.73,29.12,20.0,2.8
1989,99.73,22.67,25.0,3.0
1989,99.82,32.07,15.0,3.5
1989,99.87,22.77,15.0,2.9
1989,99.8,22.73,15.0,3.0
1989,99.53,23.22,15.0,2.5
1989,99.77,22.72,25.0,2.8
1989,99.47,23.28,15.0,2.7
1989,99.6,23.3,5.0,3.1
1989,104.93,28.72,15.0,3.7
1989,102.92,24.58,10.0,2.9
1989,99.45,24.63,10.0,2.5
1989,103.62,31.55,15.0,2.7
1989,99.68,22.75,15.0,3.9
1989,99.68,22.75,25.0,3.4
1989,104.65,33.27,1.0,2.6
1989,101.43,23.22,15.0,3.2
1989,99.48,23.5,10.0,2.9
1989,103.57,29.87,10.0,2.6
1989,100.98,30.95,10.0,3.2
1989,99.48,23.35,10.0,3.7
1989,99.57,23.3,10.0,2.9
1989,99.83,22.57,15.0,3.5
1989,100.38,23.65,20.0,3.4
1989,102.38,24.15,15.0,3.1
1989,101.37,27.17,15.0,2.5
1989,103.62,31.6,10.0,2.9
1989,98.97,25.93,10.0,2.6
1989,99.58,23.23,5.0,4.0
1989,99.52,23.28,15.0,2.5
1989,101.68,31.73,10.0,3.0
1989,99.58,23.05,25.0,3.6
1989,99.42,23.28,15.0,3.0
1989,98.82,24.43,15.0,2.6
1989,99.45,23.5,10.0,2.9
1989,104.17,31.75,10.0,3.8
1989,104.2,32.83,10.0,2.7
1989,101.35,27.05,15.0,2.8
1989,99.45,23.52,5.0,3.2
1989,99.93,25.97,5.0,2.5
1989,99.28,24.95,10.0,2.5
1989,99.47,23.48,10.0,2.8
1989,99.6,23.27,10.0,2.5
1989,99.48,23.47,10.0,4.1
1989,103.33,31.07,10.0,2.9
1989,99.42,23.45,10.0,2.9
1989,99.53,23.28,10.0,2.9
1989,102.03,30.35,15.0,2.5
1989,101.2,22.57,20.0,3.2
1989,99.53,23.33,5.0,4.6
1989,101.5,29.95,10.0,2.5
1989,99.82,22.65,15.0,3.5
1989,99.53,23.15,15.0,3.5
1989,99.8,22.62,15.0,3.3
1989,99.78,22.7,15.0,2.5
1989,100.73,28.42,10.0,2.9
1989,99.52,30.02,32.0,5.2
1989,104.67,33.37,13.0,1.5
1989,99.53,23.18,20.0,2.8
1989,103.15,29.8,5.0,2.5
1989,103.28,29.58,15.0,2.7
1989,99.42,23.53,10.0,3.2
1989,104.17,31.75,5.0,3.1
1989,99.5,30.1,10.0,5.0
1989,104.78,33.37,2.0,2.1
1989,99.45,23.45,10.0,2.9
1989,104.17,31.75,10.0,3.9
1989,104.55,32.98,6.0,2.4
1989,99.8,25.8,5.0,2.6
1989,99.48,23.48,10.0,6.0
1989,99.43,23.45,15.0,4.0
1989,99.47,23.52,5.0,3.1
1989,99.45,23.45,5.0,3.4
1989,99.47,23.52,10.0,3.6
1989,99.43,23.47,5.0,3.1
1989,99.43,23.47,5.0,3.3
1989,99.42,23.48,10.0,3.1
1989,99.43,23.52,10.0,3.0
1989,99.42,23.43,15.0,4.1
1989,99.4,23.48,5.0,3.9
1989,99.48,23.5,5.0,3.2
1989,99.45,23.5,5.0,3.5
1989,102.85,27.83,5.0,2.7
1989,99.47,23.35,10.0,3.2
1989,99.5,23.52,10.0,2.6
1989,103.6,31.07,10.0,2.6
1989,102.27,29.02,10.0,3.0
1989,99.42,23.5,10.0,2.6
1989,99.52,23.52,10.0,2.6
1989,99.48,23.52,10.0,2.6
1989,99.48,23.52,10.0,2.7
1989,99.47,23.5,10.0,3.0
1989,99.43,23.55,10.0,2.6
1989,99.48,23.5,10.0,3.0
1989,99.45,23.43,10.0,3.1
1989,99.47,23.48,10.0,2.6
1989,99.75,24.57,10.0,3.4
1989,99.48,23.43,10.0,2.9
1989,99.48,23.48,10.0,3.0
1989,99.43,23.43,10.0,3.0
1989,99.47,23.48,15.0,3.3
1989,99.48,23.5,10.0,3.5
1989,99.47,23.43,10.0,2.9
1989,102.47,23.53,5.0,3.9
1989,99.67,22.23,15.0,2.7
1989,99.02,25.95,10.0,3.9
1989,99.6,23.0,15.0,2.5
1989,99.65,22.9,15.0,4.5
1989,99.82,22.58,10.0,3.2
1989,99.65,23.2,10.0,2.5
1989,99.5,23.43,10.0,3.1
1989,99.0,23.57,10.0,3.1
1989,99.45,23.48,10.0,3.5
1989,101.12,28.15,10.0,2.6
1989,101.03,27.25,5.0,3.1
1989,100.5,23.75,5.0,2.7
1989,99.95,24.07,10.0,3.1
1989,98.98,24.25,10.0,2.8
1989,104.6,33.35,2.0,3.6
1989,99.47,23.52,10.0,2.6
1989,104.58,33.33,2.0,2.3
1989,99.43,23.5,10.0,3.3
1989,99.43,23.45,15.0,3.7
1989,99.55,23.23,15.0,2.8
1989,102.13,30.22,10.0,3.4
1989,99.67,22.87,5.0,3.6
1989,101.18,27.95,10.0,2.5
1989,99.83,22.7,15.0,2.8
1989,99.58,23.07,15.0,2.6
1989,106.38,33.23,13.0,1.8
1989,100.38,25.42,10.0,2.5
1989,102.98,26.53,10.0,2.6
1989,99.58,23.08,15.0,3.2
1989,104.57,29.2,5.0,2.7
1989,104.87,33.12,4.0,2.5
1989,103.05,29.65,20.0,2.5
1989,104.78,33.13,1.0,2.3
1989,104.88,33.08,2.0,2.4
1989,101.87,32.35,15.0,3.1
1989,99.45,23.5,10.0,2.9
1989,102.25,29.27,10.0,5.6
1989,99.48,23.52,10.0,2.5
1989,99.42,23.52,10.0,2.5
1989,101.9,25.25,10.0,3.0
1989,99.5,23.48,10.0,3.0
1989,99.93,22.6,10.0,3.1
1989,103.0,23.95,15.0,3.2
1989,99.62,23.28,10.0,3.6
1989,99.47,23.5,10.0,2.9
1989,101.42,26.42,10.0,2.7
1989,105.05,32.42,15.0,2.7
1989,99.45,23.48,10.0,2.7
1989,99.47,23.48,10.0,2.8
1989,105.88,23.08,8.0,2.9
1989,100.08,27.03,10.0,2.9
1989,98.9,23.9,15.0,3.1
1989,104.12,31.52,10.0,2.8
1989,102.8,26.92,10.0,2.5
1989,99.7,22.3,20.0,4.1
1989,105.88,23.1,8.0,3.3
1989,100.0,25.92,5.0,2.5
1989,104.63,33.07,2.0,2.7
1989,99.78,22.37,15.0,3.9
1989,104.65,33.37,18.0,2.7
1989,104.57,33.18,18.0,2.4
1989,99.47,23.42,15.0,3.9
1989,100.5,23.67,15.0,2.6
1989,100.53,23.63,10.0,3.1
1989,99.6,23.27,10.0,3.1
1989,99.45,24.65,10.0,2.8
1989,100.57,23.67,15.0,3.0
1989,104.3,31.9,10.0,3.3
1989,99.7,22.82,15.0,2.9
1989,103.35,31.03,10.0,2.5
1989,100.37,22.52,15.0,3.4
1989,99.9,25.9,15.0,3.0
1989,99.48,23.43,10.0,2.8
1989,99.5,23.32,5.0,3.0
1989,102.27,29.03,15.0,3.0
1989,99.8,22.77,15.0,3.8
1989,100.87,27.3,15.0,2.6
1989,99.73,23.07,10.0,2.6
1989,98.65,24.98,5.0,2.5
1989,105.48,29.38,15.0,3.1
1989,99.95,25.95,10.0,3.2
1989,104.15,32.83,13.0,2.8
1989,102.27,23.85,15.0,3.3
1989,104.13,32.85,10.0,2.5
1989,99.25,29.92,15.0,5.8
1989,106.95,29.88,15.0,3.1
1989,100.28,25.53,5.0,3.5
1989,104.65,29.12,10.0,2.8
1989,104.08,32.78,5.0,2.8
1989,98.62,24.88,10.0,3.4
1989,98.63,24.87,10.0,3.4
1989,103.65,28.7,10.0,2.9
1989,102.63,25.72,5.0,2.8
1989,99.78,22.2,10.0,3.2
1989,99.5,23.53,5.0,3.3
1989,99.52,23.33,10.0,2.6
1989,99.47,23.47,10.0,3.1
1989,101.68,25.65,5.0,3.1
1989,99.62,23.2,10.0,2.9
1989,100.8,27.8,10.0,2.5
1989,100.82,27.8,10.0,2.5
1989,100.78,27.72,5.0,2.8
1989,104.65,29.08,10.0,2.7
1989,105.4,29.42,10.0,2.5
1989,99.7,22.58,25.0,3.1
1989,103.72,29.13,15.0,2.8
1989,100.82,22.82,10.0,3.0
1989,104.78,33.38,6.0,1.6
1989,103.25,29.73,15.0,3.3
1989,99.48,23.48,5.0,2.6
1989,99.4,23.47,5.0,2.6
1989,101.98,26.5,10.0,3.1
1989,99.47,23.52,10.0,3.2
1989,99.5,23.52,5.0,2.5
1989,99.47,23.53,10.0,2.7
1989,99.48,23.52,10.0,3.1
1989,105.13,28.92,10.0,2.5
1989,99.48,23.33,10.0,3.5
1989,104.05,31.63,10.0,2.6
1989,102.37,24.33,5.0,2.8
1989,99.47,23.53,10.0,2.8
1989,102.8,27.82,10.0,2.5
1989,104.12,32.58,10.0,3.3
1989,101.05,28.17,10.0,2.5
1989,99.45,23.48,10.0,2.8
1989,99.47,23.53,10.0,3.1
1989,102.8,30.68,20.0,2.9
1989,99.45,23.53,10.0,3.5
1989,103.08,26.7,15.0,3.3
1989,102.83,30.12,15.0,2.5
1989,106.87,29.92,15.0,3.0
1989,101.02,28.05,10.0,2.5
1989,99.4,29.93,10.0,3.4
1989,104.55,33.2,10.0,2.1
1989,99.65,30.05,10.0,3.5
1989,100.98,27.62,15.0,3.0
1989,99.48,23.43,5.0,2.6
1989,101.22,28.0,15.0,2.6
1989,102.12,29.47,10.0,3.0
1989,99.52,23.38,5.0,2.5
1989,104.07,32.88,10.0,2.5
1989,106.82,29.95,15.0,3.8
1989,101.05,28.13,10.0,2.7
1989,101.13,27.02,15.0,2.8
1989,100.18,31.6,5.0,2.6
1989,99.32,30.0,20.0,3.5
1989,99.6,23.08,10.0,3.7
1989,99.48,23.5,5.0,2.8
1989,99.68,30.05,20.0,2.8
1989,99.58,29.92,20.0,3.2
1989,103.05,26.0,10.0,3.5
1989,101.1,28.12,10.0,2.5
1989,99.82,22.9,10.0,2.7
1989,99.48,23.53,5.0,2.9
1989,99.48,23.52,10.0,2.6
1989,102.8,31.62,5.0,2.7
1989,100.7,30.12,5.0,2.5
1989,99.57,30.0,20.0,3.7
1989,99.47,23.48,15.0,3.6
1989,104.02,29.38,10.0,3.2
1989,99.53,30.18,20.0,3.6
1989,99.62,30.05,10.0,3.0
1989,99.72,25.97,15.0,4.6
1989,99.68,25.97,15.0,3.6
1989,99.75,25.97,15.0,3.5
1989,99.48,30.15,5.0,3.0
1989,103.08,25.4,10.0,5.0
1989,99.53,23.35,10.0,2.7
1989,104.68,33.3,9.0,2.0
1989,102.72,26.33,15.0,2.7
1989,102.38,31.55,10.0,6.3
1989,99.62,29.97,10.0,2.7
1989,103.95,28.1,10.0,3.1
1989,99.62,30.02,10.0,3.1
1989,99.58,30.05,10.0,2.7
1989,100.88,27.32,20.0,2.6
1989,99.78,22.95,10.0,2.6
1989,101.48,27.05,15.0,2.6
1989,102.95,30.23,30.0,2.9
1989,104.15,32.65,10.0,2.8
1989,99.48,23.38,5.0,4.6
1989,101.18,28.03,10.0,3.3
1989,101.23,28.05,10.0,2.6
1989,100.67,26.47,10.0,3.0
1989,100.82,28.18,10.0,2.6
1989,100.02,31.0,15.0,3.1
1989,100.12,26.08,10.0,4.0
1989,103.17,27.28,15.0,2.5
1989,99.88,25.7,10.0,2.5
1989,104.87,28.67,10.0,3.4
1989,100.72,26.33,10.0,2.7
1989,100.97,27.88,15.0,2.6
1989,104.67,33.32,9.0,2.0
1989,99.55,30.05,10.0,2.5
1989,99.72,25.97,10.0,2.5
1989,99.63,29.87,10.0,2.8
1989,101.4,32.07,15.0,2.8
1989,99.38,29.92,10.0,3.1
1989,104.73,31.78,15.0,2.5
1989,102.72,27.78,10.0,3.2
1989,104.05,30.98,5.0,2.8
1989,102.7,27.78,10.0,2.5
1989,102.38,31.53,10.0,2.9
1989,99.82,25.25,20.0,2.8
1989,104.57,33.25,2.0,2.4
1989,104.5,33.2,12.0,2.3
1989,101.93,26.97,15.0,2.6
1989,100.8,27.08,30.0,2.7
1989,101.62,28.92,10.0,2.5
1989,104.65,29.08,5.0,2.5
1989,100.38,23.33,20.0,3.1
1989,102.55,31.72,10.0,2.6
1989,102.42,31.57,10.0,2.6
1989,99.63,30.08,10.0,3.0
1989,104.53,33.27,1.0,2.9
1989,102.12,26.53,15.0,2.6
1989,102.35,31.62,15.0,2.5
1989,99.38,24.88,5.0,2.8
1989,101.17,28.32,10.0,2.5
1989,101.17,28.32,5.0,2.6
1989,99.98,23.4,10.0,3.1
1989,99.48,23.28,10.0,3.0
1989,99.48,23.25,25.0,3.1
1989,104.65,33.32,15.0,2.4
1989,100.75,27.85,10.0,2.6
1989,101.03,23.17,10.0,2.7
1989,99.48,23.52,10.0,3.3
1989,101.15,28.32,10.0,2.5
1989,99.27,24.95,10.0,2.6
1989,103.05,31.37,10.0,2.7
1989,99.67,22.9,5.0,2.6
1989,102.42,31.6,10.0,2.5
1989,100.92,22.4,25.0,3.4
1989,104.78,28.32,10.0,4.0
1989,102.25,28.25,20.0,2.8
1989,101.02,29.33,15.0,2.5
1989,106.88,29.92,5.0,5.2
1989,101.2,31.72,10.0,2.6
1989,99.45,30.03,15.0,2.8
1989,99.55,24.73,10.0,3.0
1989,100.1,25.23,20.0,2.9
1989,99.35,25.12,5.0,3.3
1989,104.65,33.25,9.0,2.2
1989,101.95,26.37,15.0,3.1
1989,99.42,23.47,10.0,3.7
1989,102.98,30.4,25.0,3.1
1989,99.53,25.2,20.0,2.5
1989,103.92,29.23,10.0,2.5
1989,101.83,29.23,10.0,2.7
1989,102.4,29.0,30.0,2.5
1989,99.53,23.3,10.0,3.8
1989,100.75,28.18,30.0,2.5
1989,100.75,28.22,20.0,2.8
1989,99.77,22.67,15.0,2.8
1989,102.4,31.6,10.0,3.0
1989,105.12,29.4,10.0,2.9
1989,101.17,27.75,5.0,2.9
1989,101.07,27.62,15.0,2.6
1989,103.1,30.27,30.0,4.8
1989,102.78,31.45,15.0,2.7
1989,104.83,33.27,13.0,2.0
1989,102.8,31.47,10.0,3.0
1989,99.48,23.25,15.0,3.2
1989,99.57,23.07,15.0,3.0
1989,100.68,28.18,20.0,2.7
1989,102.82,26.5,10.0,2.6
1989,99.53,23.22,15.0,3.0
1989,104.52,33.1,9.0,1.9
1989,101.42,24.97,10.0,2.9
1989,101.52,24.98,15.0,2.8
1989,101.38,24.97,10.0,3.3
1989,103.97,31.35,10.0,2.9
1989,101.42,24.95,10.0,3.6
1989,102.7,30.15,30.0,2.7
1989,101.4,24.97,10.0,3.7
1989,101.42,24.97,10.0,3.3
1989,101.4,24.98,10.0,3.4
1989,102.33,31.57,15.0,3.2
1989,101.4,27.43,15.0,2.8
1989,101.42,27.38,25.0,3.4
1989,101.38,27.38,15.0,2.5
1989,99.45,22.3,10.0,3.6
1989,101.37,27.4,10.0,3.0
1989,99.28,24.47,15.0,3.3
1989,104.53,32.98,9.0,2.4
1989,102.43,31.57,10.0,3.0
1989,99.58,23.05,20.0,3.7
1989,102.42,31.6,10.0,2.8
1989,99.5,30.05,10.0,3.0
1989,104.68,33.33,18.0,1.9
1989,102.38,31.57,15.0,2.7
1989,100.33,25.43,15.0,2.5
1989,102.17,29.73,5.0,2.6
1989,99.62,25.97,5.0,2.5
1989,99.57,29.97,15.0,3.0
1989,99.38,25.1,10.0,2.6
